type,count,share
A_merged,52,0.7222222222222222
B_suffix_split,15,0.20833333333333334
C_multi_split,5,0.06944444444444445
